-- In this document you will find the SQL code to insert data into the tables of the database.

-- 1. Entidades responsables

INSERT INTO entidadResponsable (nombreEntidadResponsable) VALUES
('Corporación Autónoma Regional del Caribe'),
('Ministerio de Ambiente y Desarrollo Sostenible'),
('Fundación Natura Colombia'),
('Parques Nacionales Naturales de Colombia'),
('Corporación Ambiental de la Sabana'),
('Corporación para el Desarrollo Sostenible del Chocó'),
('Instituto Humboldt'),
('Autoridad Nacional de Licencias Ambientales'),
('Corporación Autónoma Regional de Caldas'),
('Corporación Autónoma Regional del Valle'),
('Corporación Autónoma Regional de Santander'),
('Corporación Autónoma Regional de Cundinamarca'),
('Corporación Autónoma Regional de Antioquia'),
('Corporación Autónoma Regional de Risaralda'),
('Corporación Autónoma Regional de Boyacá'),
('Corporación Autónoma Regional del Atlántico'),
('Corporación Autónoma Regional de Nariño'),
('Corporación Autónoma Regional de La Guajira'),
('Corporación Autónoma Regional del Magdalena'),
('Corporación Autónoma Regional de Sucre'),
('Corporación Autónoma Regional del Cauca'),
('Corporación Autónoma Regional de Tolima'),
('Corporación Autónoma Regional del Huila'),
('Corporación Autónoma Regional de Arauca'),
('Corporación Autónoma Regional de Casanare'),
('Corporación Autónoma Regional de Putumayo'),
('Corporación Autónoma Regional de Amazonas'),
('Corporación Autónoma Regional de Vaupés'),
('Corporación Autónoma Regional de Guainía'),
('Corporación Autónoma Regional de Vichada'),
('Corporación Autónoma Regional de San Andrés'),
('Fundación Humedales Bogotá'),
('Fundación ProAves'),
('Fundación Omacha'),
('Fundación EcoPlanet'),
('Conservación Internacional Colombia'),
('WWF Colombia'),
('The Nature Conservancy Colombia'),
('Fundación Orinoquia Biodiversa'),
('Fundación EcoHábitat'),
('Fundación Selva Andina'),
('Fundación Bosques de Paz'),
('Fundación Neotropical'),
('Fundación EcoSierra'),
('Fundación Río Saldaña'),
('Fundación Agua Viva'),
('Fundación Biodiversa'),
('Fundación Páramo Vivo'),
('Fundación Andígena'),
('Fundación EcoGuajira'),
('Corporación Ambiental del Pacífico');

-- 2. Especies

INSERT INTO especie (denominacionCientificaEspecie, denominacionVulgarEspecie, tipo) VALUES
('Panthera onca', 'Jaguar', 'animal'),
('Ceroxylon quindiuense', 'Palma de cera', 'vegetal'),
('Beryllium aluminium cyclosilicate', 'Esmeralda', 'mineral'),
('Vultur gryphus', 'Cóndor andino', 'animal'),
('Anacardium excelsum', 'Caracolí', 'vegetal'),
('Quercus humboldtii', 'Roble andino', 'vegetal'),
('Tapirus terrestris', 'Tapir amazónico', 'animal'),
('Vanessa virginiensis', 'Mariposa monarca', 'animal'),
('Attalea butyracea', 'Palma real', 'vegetal'),
('Protonibea diacanthus', 'Pargo rojo', 'animal'),
('Quararibea cordata', 'Zapote de monte', 'vegetal'),
('Inia geoffrensis', 'Delfín rosado', 'animal'),
('Crocodylus acutus', 'Cocodrilo americano', 'animal'),
('Mauritia flexuosa', 'Moriche', 'vegetal'),
('Chrysocyon brachyurus', 'Zorro gris', 'animal'),
('Puya raimondii', 'Titanca', 'vegetal'),
('Lagothrix lugens', 'Mono churuco', 'animal'),
('Ognorhynchus icterotis', 'Loro orejiamarillo', 'animal'),
('Dinizia excelsa', 'Angelim rojo', 'vegetal'),
('Ateles hybridus', 'Mono araña', 'animal'),
('Colombianite', 'Colombianita', 'mineral'),
('Anopheles darlingi', 'Mosquito malaria', 'animal'),
('Heliconia bihai', 'Platanillo', 'vegetal'),
('Boa constrictor', 'Boa constrictora', 'animal'),
('Cattleya trianae', 'Orquídea nacional', 'vegetal'),
('Calomys tocantinsi', 'Ratón de los Llanos', 'animal'),
('Saccharum officinarum', 'Caña de azúcar', 'vegetal'),
('Pyrite', 'Pirita', 'mineral'),
('Puma concolor', 'Puma', 'animal'),
('Theobroma cacao', 'Cacao', 'vegetal'),
('Hydrochoerus hydrochaeris', 'Chigüiro', 'animal'),
('Coffea arabica', 'Café arábica', 'vegetal'),
('Quartz', 'Cuarzo', 'mineral'),
('Bradypus variegatus', 'Perezoso', 'animal'),
('Musa paradisiaca', 'Plátano', 'vegetal'),
('Buteo magnirostris', 'Gavilán caminero', 'animal'),
('Erythrina fusca', 'Ceibo blanco', 'vegetal'),
('Tremarctos ornatus', 'Oso de anteojos', 'animal'),
('Ceiba pentandra', 'Ceiba', 'vegetal'),
('Alouatta seniculus', 'Mono aullador', 'animal'),
('Cedrela odorata', 'Cedro rosado', 'vegetal'),
('Calophyllum brasiliense', 'Aceite maría', 'vegetal'),
('Saimiri sciureus', 'Mono tití', 'animal'),
('Zamia roezlii', 'Cica', 'vegetal'),
('Potos flavus', 'Mico león', 'animal'),
('Hura crepitans', 'Arenillo', 'vegetal'),
('Myrmecophaga tridactyla', 'Oso hormiguero', 'animal'),
('Spondias mombin', 'Jobo', 'vegetal'),
('Turdus fuscater', 'Mirlo patiamarillo', 'animal'),
('Ficus insipida', 'Higo llorón', 'vegetal');

-- 3. Personal

INSERT INTO personal (cedulaPersonal, nombrePersonal, direccionPersonal, sueldoPersonal, tipoPersonal) VALUES
-- Tipo "001" (Gestión)
('1023456789', 'Juan Pérez', 'Calle 123 #45-67, Bogotá', 2500000.00, '001'),
('1123456789', 'María Gómez', 'Carrera 8 #12-34, Medellín', 2800000.00, '001'),
('1223456789', 'Carlos Rodríguez', 'Avenida 6 #78-90, Cali', 2200000.00, '001'),
('1323456789', 'Ana López', 'Transversal 23 #56-78, Barranquilla', 2650000.00, '001'),
('1423456789', 'Pedro Ramírez', 'Diagonal 45 #67-89, Cartagena', 3100000.00, '001'),
-- Tipo "002" (Vigilancia)
('1523456789', 'Luisa Martínez', 'Calle 78 #90-12, Bucaramanga', 2400000.00, '002'),
('1623456789', 'Andrés Herrera', 'Carrera 15 #34-56, Pereira', 2900000.00, '002'),
('1723456789', 'Sofía Castro', 'Avenida 30 #12-34, Santa Marta', 2750000.00, '002'),
('1823456789', 'Jorge Díaz', 'Calle 90 #12-34, Cúcuta', 2600000.00, '002'),
('1923456789', 'Camila Rojas', 'Carrera 22 #45-67, Ibagué', 3000000.00, '002'),
-- Tipo "003" (Conservación)
('2023456789', 'Mario Suárez', 'Transversal 10 #78-90, Villavicencio', 2550000.00, '003'),
('2123456789', 'Laura Méndez', 'Avenida 5 #34-56, Manizales', 2850000.00, '003'),
('2223456789', 'Diego Torres', 'Calle 40 #56-78, Neiva', 2700000.00, '003'),
('2323456789', 'Valentina Gutiérrez', 'Carrera 18 #90-12, Pasto', 2950000.00, '003'),
('2423456789', 'Ricardo Vargas', 'Diagonal 7 #12-34, Montería', 2450000.00, '003'),
-- Tipo "004" (Investigación)
('2523456789', 'Carolina Silva', 'Avenida 25 #45-67, Popayán', 3150000.00, '004'),
('2623456789', 'Fernando Ríos', 'Calle 60 #78-90, Tunja', 2650000.00, '004'),
('2723456789', 'Daniela Mora', 'Carrera 11 #34-56, Valledupar', 2750000.00, '004'),
('2823456789', 'Héctor Navarro', 'Transversal 33 #56-78, Quibdó', 2900000.00, '004'),
('2923456789', 'Paola Cabrera', 'Avenida 8 #90-12, Riohacha', 3050000.00, '004'),
('5023456789', 'Javier Moreno', 'Calle 30 #78-90, Piedecuesta', 2650000.00, '004');

-- 4. Departamentos

INSERT INTO departamento (nombreDepartamento, idEntidadResponsable) VALUES
('Amazonas', 1), ('Antioquia', 2), ('Arauca', 3), ('Atlántico', 4), ('Bolívar', 5),
('Boyacá', 6), ('Caldas', 7), ('Caquetá', 8), ('Casanare', 9), ('Cauca', 10),
('Cesar', 11), ('Chocó', 12), ('Córdoba', 13), ('Cundinamarca', 14), ('Guainía', 15),
('Guaviare', 16), ('Huila', 17), ('La Guajira', 18), ('Magdalena', 19), ('Meta', 20),
('Nariño', 21), ('Norte de Santander', 22), ('Putumayo', 23), ('Quindío', 24), ('Risaralda', 25),
('San Andrés', 26), ('Santander', 27), ('Sucre', 28), ('Tolima', 29), ('Valle del Cauca', 30),
('Vaupés', 31), ('Vichada', 32),
-- Departamentos inventados:
('Altillanura', 33), ('Selva Alta', 34), ('Costa Esmeralda', 35), ('Páramo Verde', 36),
('Sierra Nevada', 37), ('Llanos Orientales', 38), ('Valle del Sol', 39), ('Cerro Azul', 40),
('Isla Dorada', 41), ('Bosque Húmedo', 42), ('Cascada Blanca', 43), ('Laguna Azul', 44),
('Volcán Nevado', 45), ('Cañón Rojo', 46), ('Desierto Amarillo', 47), ('Montaña Sagrada', 48),
('Río Cristalino', 49), ('Jardín Botánico', 50);

-- 5. Parques

INSERT INTO parque (idParque, nombreParque, fechaDeclaracionParque) VALUES
(1, 'Parque Nacional Natural Tayrona', '1964-04-24'),
(2, 'Parque Nacional Natural Los Nevados', '1973-11-30'),
(3, 'Parque Nacional Natural Amacayacu', '1975-05-29'),
(4, 'Parque Nacional Natural Chingaza', '1977-06-06'),
(5, 'Parque Nacional Natural El Cocuy', '1977-06-06'),
(6, 'Parque Nacional Natural Sierra Nevada', '1977-06-06'),
(7, 'Parque Nacional Natural Sumapaz', '1977-06-06'),
(8, 'Parque Nacional Natural Farallones', '1977-06-06'),
(9, 'Parque Nacional Natural Macuira', '1977-06-06'),
(10, 'Parque Nacional Natural Corales del Rosario', '1977-06-06'),
(11, 'Parque Nacional Natural Puracé', '1977-06-06'),
(12, 'Parque Nacional Natural Cahuinarí', '1977-06-06'),
(13, 'Parque Nacional Natural La Paya', '1977-06-06'),
(14, 'Parque Nacional Natural Río Puré', '1977-06-06'),
(15, 'Parque Nacional Natural Serranía de Chiribiquete', '1989-09-21'),
(16, 'Parque Nacional Natural Catatumbo', '1990-05-15'),
(17, 'Parque Nacional Natural Alto Fragua Indi-Wasi', '2002-02-05'),
(18, 'Parque Nacional Natural Serranía de los Yariguíes', '2005-06-12'),
(19, 'Parque Nacional Natural Complejo Volcánico Doña Juana', '2007-03-20'),
(20, 'Parque Nacional Natural Bahía Portete', '2014-12-10'),
(21, 'Parque Nacional Bosque de Niebla', '2005-03-15'),
(22, 'Parque Nacional Volcán Azul', '2010-11-20'),
(23, 'Parque Nacional Laguna Encantada', '1995-08-17'),
(24, 'Parque Nacional Selva Húmeda', '1988-07-30'),
(25, 'Parque Nacional Cañón del Río Claro', '2001-09-05'),
(26, 'Parque Nacional Montañas del Quindío', '2015-04-22'),
(27, 'Parque Nacional Humedales de Bogotá', '1999-02-14'),
(28, 'Parque Nacional Serranía de la Macarena', '1971-12-01'),
(29, 'Parque Nacional Islas del Rosario', '2003-10-10'),
(30, 'Parque Nacional Sierra de Perijá', '1992-06-18'),
(31, 'Parque Nacional Río Magdalena', '2008-07-07'),
(32, 'Parque Nacional Ciénaga Grande', '1985-03-25'),
(33, 'Parque Nacional Valle de Cocora', '2012-09-12'),
(34, 'Parque Nacional Páramo de Belmira', '1998-05-30'),
(35, 'Parque Nacional Llanos del Yarí', '2009-11-11'),
(36, 'Parque Nacional Cordillera Occidental', '2016-08-08'),
(37, 'Parque Nacional Selva Amazónica', '1980-04-04'),
(38, 'Parque Nacional Bahía Málaga', '2013-07-19'),
(39, 'Parque Nacional Serranía del Darién', '1994-10-28'),
(40, 'Parque Nacional Caño Cristales', '2000-12-25'),
(41, 'Parque Nacional Sierra de la Macuira', '2011-01-01'),
(42, 'Parque Nacional Volcán Galeras', '1987-09-09'),
(43, 'Parque Nacional Laguna de Tota', '1993-06-15'),
(44, 'Parque Nacional Montes de María', '2004-04-14'),
(45, 'Parque Nacional Sierra Nevada del Cocuy', '2017-05-05'),
(46, 'Parque Nacional Río Cauca', '1996-03-03'),
(47, 'Parque Nacional Serranía de San Lucas', '2018-02-02'),
(48, 'Parque Nacional Bahía Solano', '2019-10-10'),
(49, 'Parque Nacional Cordillera Central', '2020-12-12'),
(50, 'Parque Nacional Jardín Botánico', '2021-07-01');

-- 6. Proyectos de investigación

INSERT INTO proyectoInvestigacion (nombreProyectoInvestigacion, presupuestoProyectoInvestigacion, fechaInicioProyectoInvestigacion, fechaFinProyectoInvestigacion) VALUES
('Conservación del Jaguar en la Amazonía', 1200000000.00, '2020-03-15', '2025-12-31'),
('Restauración de Bosques Secos Tropicales', 850000000.00, '2021-06-01', '2024-11-30'),
('Minería Sostenible en el Chocó Biogeográfico', 950000000.00, '2019-09-10', '2023-08-25'),
('Monitoreo del Cóndor Andino en Santander', 450000000.00, '2022-01-10', '2026-01-10'),
('Ecología de la Palma de Cera del Quindío', 320000000.00, '2023-02-20', '2027-02-20'),
('Estudio de Esmeraldas en Boyacá', 680000000.00, '2018-05-12', '2025-05-12'),
('Protección del Oso de Anteojos en Chingaza', 780000000.00, '2021-11-30', '2030-11-30'),
('Biodiversidad en los Llanos Orientales', 550000000.00, '2020-07-22', '2028-07-22'),
('Control de Especies Invasoras en la Orinoquía', 410000000.00, '2023-04-05', '2026-04-05'),
('Agricultura Sostenible en el Eje Cafetero', 290000000.00, '2022-08-18', '2025-08-18'),
('Conservación de Humedales en Bogotá', 620000000.00, '2019-12-01', '2024-12-01'),
('Manejo de Residuos en el Río Magdalena', 330000000.00, '2021-03-25', '2027-03-25'),
('Ecoturismo en el Parque Tayrona', 510000000.00, '2023-09-15', '2028-09-15'),
('Estudio Geológico de la Sierra Nevada', 720000000.00, '2020-10-10', '2025-10-10'),
('Repoblación de Corales en San Andrés', 880000000.00, '2022-05-30', '2032-05-30'),
('Conservación del Tití Cabeciblanco', 430000000.00, '2021-07-07', '2026-07-07'),
('Manejo Forestal en el Pacífico Colombiano', 370000000.00, '2023-01-20', '2028-01-20'),
('Impacto del Cambio Climático en Páramos', 920000000.00, '2018-08-12', '2025-08-12'),
('Biotecnología de Especies Endémicas', 670000000.00, '2020-04-14', '2027-04-14'),
('Restauración de Manglares en la Costa Caribe', 540000000.00, '2022-11-05', '2030-11-05'),
('Estudio de la Diversidad Microbiana en Suelos', 260000000.00, '2023-06-18', '2026-06-18'),
('Conservación del Delfín Rosado en el Amazonas', 710000000.00, '2019-10-22', '2024-10-22'),
('Manejo Sostenible de la Pesca Artesanal', 390000000.00, '2021-02-28', '2025-02-28'),
('Impacto de la Ganadería en Ecosistemas', 480000000.00, '2023-03-12', '2028-03-12'),
('Restauración de Cuencas Hidrográficas', 630000000.00, '2020-09-09', '2026-09-09'),
('Estudio de Aves Migratorias en Colombia', 290000000.00, '2022-07-25', '2027-07-25'),
('Tecnología para la Agricultura de Precisión', 840000000.00, '2021-12-15', '2029-12-15'),
('Conservación de Anfibios en el Chocó', 360000000.00, '2023-05-05', '2028-05-05'),
('Manejo de Incendios Forestales en la Orinoquía', 570000000.00, '2020-01-30', '2025-01-30'),
('Estudio de Felinos en la Serranía de la Macarena', 440000000.00, '2022-04-08', '2027-04-08'),
('Biorremediación de Suelos Contaminados', 760000000.00, '2019-07-19', '2024-07-19'),
('Conservación de Polinizadores en Cafetales', 310000000.00, '2023-08-22', '2026-08-22'),
('Ecología de la Danta de Montaña', 590000000.00, '2021-10-11', '2026-10-11'),
('Manejo de Recursos Hídricos en el Cauca', 650000000.00, '2020-06-03', '2025-06-03'),
('Estudio de Reptiles en el Desierto de La Guajira', 270000000.00, '2022-02-14', '2027-02-14'),
('Conservación de Orquídeas en el Putumayo', 380000000.00, '2023-11-01', '2028-11-01'),
('Impacto de la Palma Aceitera en Biodiversidad', 730000000.00, '2018-04-17', '2025-04-17'),
('Restauración de Bosques de Niebla', 490000000.00, '2021-09-23', '2026-09-23'),
('Estudio de Murciélagos en Cuevas Colombianas', 340000000.00, '2023-12-10', '2028-12-10'),
('Manejo de Especies Exóticas en Lagos', 520000000.00, '2020-05-28', '2025-05-28'),
('Conservación de Tiburones en el Pacífico', 890000000.00, '2019-03-05', '2024-03-05'),
('Ecología del Paujil de Pico Azul', 460000000.00, '2022-08-07', '2027-08-07'),
('Tecnologías Limpias para la Minería', 910000000.00, '2021-01-12', '2026-01-12'),
('Estudio de Hongos Medicinales en la Amazonía', 280000000.00, '2023-04-25', '2028-04-25'),
('Conservación del Caimán Llanero', 660000000.00, '2020-11-08', '2025-11-08'),
('Manejo Sostenible de la Palma de Moriche', 530000000.00, '2022-06-19', '2027-06-19'),
('Impacto del Turismo en Parques Nacionales', 740000000.00, '2019-02-03', '2024-02-03'),
('Restauración de Arrecifes Coralinos', 820000000.00, '2021-07-14', '2026-07-14'),
('Estudio de Mariposas en el Valle del Cauca', 350000000.00, '2023-10-30', '2028-10-30'),
('Conservación del Oso Hormiguero Gigante', 610000000.00, '2020-12-12', '2025-12-12');

-- 7. Departamentos-Parques

INSERT INTO departamentoParque (idDepartamento, idParque) VALUES
(1,1), (2,2), (3,3), (4,4), (5,5), (6,6), (7,7), (8,8), (9,9), (10,10),
(11,11), (12,12), (13,13), (14,14), (15,15), (16,16), (17,17), (18,18), (19,19), (20,20),
(21,21), (22,22), (23,23), (24,24), (25,25), (26,26), (27,27), (28,28), (29,29), (30,30),
(31,31), (32,32), (33,33), (34,34), (35,35), (36,36), (37,37), (38,38), (39,39), (40,40),
(41,41), (42,42), (43,43), (44,44), (45,45), (46,46), (47,47), (48,48), (49,49), (50,50);

-- 8. Áreas

INSERT INTO area (nombreArea, extensionArea, idParque) VALUES
('Área Protegida Norte', 1500.50, 1),
('Sector Laguna', 3200.75, 2),
('Zona Volcánica', 4500.25, 3),
('Bosque Húmedo', 2800.00, 4),
('Reserva Marina', 5600.30, 5),
('Selva Tropical', 2100.45, 6),
('Páramo Andino', 3800.60, 7),
('Cañón del Río', 2750.90, 8),
('Playa Coralina', 1200.30, 9),
('Sector Arqueológico', 3400.75, 10),
('Área de Avistamiento', 1800.25, 11),
('Zona de Camping', 950.50, 12),
('Reserva Natural', 4200.00, 13),
('Sector Laguna Azul', 2300.45, 14),
('Bosque Seco', 1650.60, 15),
('Área Geotérmica', 5100.90, 16),
('Zona de Nidos', 1350.30, 17),
('Sector Cueva', 2900.75, 18),
('Reserva de Aves', 1950.25, 19),
('Área de Investigación', 3700.50, 20),
('Zona de Conservación', 2450.00, 21),
('Sector Cascadas', 3300.45, 22),
('Bosque de Niebla', 2700.60, 23),
('Área Recreativa', 1850.90, 24),
('Reserva Fluvial', 4100.30, 25),
('Zona de Montaña', 2250.75, 26),
('Sector Histórico', 1750.25, 27),
('Área Desértica', 3950.50, 28),
('Reserva de Fauna', 2550.00, 29),
('Sector Termal', 3150.45, 30),
('Bosque Primario', 1950.60, 31),
('Zona de Manglares', 2800.90, 32),
('Área Educativa', 1450.30, 33),
('Sector Observatorio', 3650.75, 34),
('Reserva Costera', 2050.25, 35),
('Zona de Acampar', 1350.50, 36),
('Área de Restauración', 4200.00, 37),
('Sector Mirador', 2450.45, 38),
('Bosque Secundario', 1750.60, 39),
('Reserva Ornitológica', 3350.90, 40),
('Zona de Buceo', 1550.30, 41),
('Sector Arrecife', 2950.75, 42),
('Área de Monitoreo', 1850.25, 43),
('Reserva Ecológica', 2650.50, 44),
('Zona de Senderos', 1450.00, 45),
('Sector Científico', 3750.45, 46),
('Bosque Aluvial', 2250.60, 47),
('Área de Preservación', 3150.90, 48),
('Zona de Avistamiento', 1950.30, 49),
('Sector Administrativo', 2750.75, 50);

-- 9. Especies de cada área

INSERT INTO EspecieArea (idEspecie, idArea, numeroInventarioEspecieArea) VALUES
(1,1,1001), (2,2,1002), (3,3,1003), (4,4,1004), (5,5,1005),
(6,6,1006), (7,7,1007), (8,8,1008), (9,9,1009), (10,10,1010),
(11,11,1011), (12,12,1012), (13,13,1013), (14,14,1014), (15,15,1015),
(16,16,1016), (17,17,1017), (18,18,1018), (19,19,1019), (20,20,1020),
(21,21,1021), (22,22,1022), (23,23,1023), (24,24,1024), (25,25,1025),
(26,26,1026), (27,27,1027), (28,28,1028), (29,29,1029), (30,30,1030),
(31,31,1031), (32,32,1032), (33,33,1033), (34,34,1034), (35,35,1035),
(36,36,1036), (37,37,1037), (38,38,1038), (39,39,1039), (40,40,1040),
(41,41,1041), (42,42,1042), (43,43,1043), (44,44,1044), (45,45,1045),
(46,46,1046), (47,47,1047), (48,48,1048), (49,49,1049), (50,50,1050);


-- 10. Visitantes

INSERT INTO visitante (cedulaVisitante, nombreVisitante, direccionVisitante, profesionVisitante) VALUES
('1001234567', 'Luisa Fernández', 'Calle 123 #45-67, Bogotá', 'Ingeniera Civil'),
('1002345678', 'Carlos Andrade', 'Carrera 8 #12-34, Medellín', 'Médico General'),
('1003456789', 'Marta Ríos', 'Avenida 6 #78-90, Cali', 'Docente Universitaria'),
('1004567890', 'Jorge Silva', 'Transversal 34 #56-78, Barranquilla', 'Arquitecto'),
('1005678901', 'Ana Beltrán', 'Carrera 8 #90-12, Cartagena', 'Abogada Penalista'),
('1006789012', 'Pedro Velandia', 'Calle 45 #67-89, Bucaramanga', 'Contador Público'),
('1007890123', 'Sofía Méndez', 'Avenida 30 #12-34, Pereira', 'Bióloga Marina'),
('1008901234', 'Ricardo Pardo', 'Carrera 22 #45-67, Santa Marta', 'Ingeniero de Sistemas'),
('1009012345', 'Diana Castro', 'Calle 90 #78-90, Cúcuta', 'Enfermera Jefe'),
('1010123456', 'Andrés Gómez', 'Transversal 10 #34-56, Ibagué', 'Economista'),
('1011234567', 'Carolina Ruiz', 'Avenida 5 #56-78, Villavicencio', 'Psicóloga Clínica'),
('1012345678', 'Felipe Torres', 'Carrera 18 #78-90, Manizales', 'Desarrollador de Software'),
('1013456789', 'Laura Díaz', 'Calle 40 #12-34, Neiva', 'Diseñadora Gráfica'),
('1014567890', 'Héctor Rojas', 'Carrera 28 #45-67, Pasto', 'Veterinario'),
('1015678901', 'Paola Herrera', 'Avenida 25 #67-89, Montería', 'Periodista Deportiva'),
('1016789012', 'Gustavo Núñez', 'Transversal 7 #89-01, Popayán', 'Agricultor'),
('1017890123', 'Marcela Soto', 'Calle 60 #23-45, Tunja', 'Arqueóloga'),
('1018901234', 'Raúl Mendoza', 'Carrera 11 #56-78, Valledupar', 'Fotógrafo'),
('1019012345', 'Claudia Vega', 'Avenida 8 #34-56, Quibdó', 'Chef Ejecutiva'),
('1020123456', 'Oscar Ramírez', 'Calle 55 #45-67, Riohacha', 'Piloto Comercial'),
('1021234567', 'Natalia Castro', 'Carrera 40 #12-34, Armenia', 'Artista Plástica'),
('1022345678', 'Mauricio López', 'Transversal 12 #78-90, Sincelejo', 'Sociólogo'),
('1023456789', 'Patricia Rangel', 'Avenida 3 #56-78, Florencia', 'Geóloga'),
('1024567890', 'Hugo Sánchez', 'Calle 20 #90-12, Yopal', 'Músico'),
('1025678901', 'Ximena Díaz', 'Carrera 28 #34-56, Mocoa', 'Nutricionista'),
('1026789012', 'Javier Mora', 'Avenida 14 #67-89, Leticia', 'Ingeniero Ambiental'),
('1027890123', 'Adriana Cruz', 'Calle 70 #23-45, Mitú', 'Abogada Laboral'),
('1028901234', 'Esteban Páez', 'Carrera 9 #56-78, Inírida', 'Bombero'),
('1029012345', 'Daniela Ríos', 'Avenida 17 #34-56, San José del Guaviare', 'Maestra de Primaria'),
('1030123456', 'Fernando Gutiérrez', 'Calle 85 #45-67, Puerto Carreño', 'Electricista'),
('1031234567', 'Gabriela Duarte', 'Transversal 5 #12-34, Maicao', 'Dentista'),
('1032345678', 'José Luis Castillo', 'Carrera 33 #78-90, Turbo', 'Oceanógrafo'),
('1033456789', 'Mariana Ortiz', 'Avenida 22 #56-78, Tumaco', 'Física Nuclear'),
('1034567890', 'Alberto Roa', 'Calle 95 #90-12, Apartadó', 'Historiador'),
('1035678901', 'Sandra Peña', 'Carrera 6 #34-56, Ocaña', 'Traductora'),
('1036789012', 'Luis Fernando Gómez', 'Avenida 10 #67-89, Magangué', 'Actor'),
('1037890123', 'Paola Andrea Herrera', 'Calle 30 #23-45, Barrancabermeja', 'Escritora'),
('1038901234', 'Juan David López', 'Carrera 27 #56-78, Girón', 'Ingeniero Mecánico'),
('1039012345', 'Laura Marcela Pérez', 'Transversal 14 #34-56, Piedecuesta', 'Química Farmacéutica'),
('1040123456', 'Carlos Andrés Martínez', 'Avenida 7 #90-12, Floridablanca', 'Biomédico'),
('1041234567', 'Ana María Rodríguez', 'Calle 50 #45-67, Buga', 'Astrofísica'),
('1042345678', 'Julián Guzmán', 'Carrera 19 #12-34, Palmira', 'Meteorólogo'),
('1043456789', 'Sara Ortiz', 'Avenida 4 #78-90, Tuluá', 'Geógrafa'),
('1044567890', 'Felipe Cortés', 'Calle 65 #56-78, Cartago', 'Filósofo'),
('1045678901', 'Diana García', 'Carrera 12 #34-56, Jamundí', 'Antropóloga'),
('1046789012', 'Andrés Felipe Sánchez', 'Avenida 9 #67-89, Buenaventura', 'Oceanógrafo'),
('1047890123', 'Claudia Ríos', 'Calle 95 #23-45, Girardot', 'Psiquiatra'),
('1048901234', 'Mauricio Herrera', 'Carrera 6 #56-78, Facatativá', 'Escultor'),
('1049012345', 'Luis Fernando Torres', 'Avenida 30 #34-56, Zipaquirá', 'Ingeniero Industrial'),
('1050123456', 'Sandra Milena Ramírez', 'Calle 45 #90-12, Mosquera', 'Bióloga Marina');

-- 11. Alojamientos

INSERT INTO Alojamiento (nombreAlojamiento, capacidadAlojamiento, categoriaAlojamiento, idParque) VALUES
('EcoLodge Tayrona', 50, 'Lujo', 1),
('Cabañas Nevados', 30, 'Medio', 2),
('Refugio Amacayacu', 20, 'Económico', 3),
('Hotel Chingaza', 100, 'Lujo', 4),
('Campamento El Cocuy', 40, 'Medio', 5),
('EcoHabitats Sierra Nevada', 25, 'Económico', 6),
('Lodge Sumapaz', 60, 'Lujo', 7),
('Cabañas Farallones', 35, 'Medio', 8),
('Refugio Macuira', 15, 'Económico', 9),
('Hotel Corales del Rosario', 80, 'Lujo', 10),
('Campamento Puracé', 45, 'Medio', 11),
('EcoCabañas Cahuinarí', 20, 'Económico', 12),
('Lodge La Paya', 70, 'Lujo', 13),
('Cabañas Río Puré', 30, 'Medio', 14),
('Refugio Chiribiquete', 25, 'Económico', 15),
('Hotel Catatumbo', 90, 'Lujo', 16),
('Campamento Alto Fragua', 40, 'Medio', 17),
('EcoHabitats Yariguíes', 20, 'Económico', 18),
('Lodge Doña Juana', 60, 'Lujo', 19),
('Cabañas Bahía Portete', 35, 'Medio', 20),
('Refugio Bosque de Niebla', 25, 'Económico', 21),
('Hotel Volcán Azul', 80, 'Lujo', 22),
('Campamento Laguna Encantada', 45, 'Medio', 23),
('EcoCabañas Selva Húmeda', 20, 'Económico', 24),
('Lodge Cañón Río Claro', 70, 'Lujo', 25),
('Cabañas Montañas Quindío', 30, 'Medio', 26),
('Refugio Humedales Bogotá', 25, 'Económico', 27),
('Hotel Macarena', 90, 'Lujo', 28),
('Campamento Islas Rosario', 40, 'Medio', 29),
('EcoHabitats Sierra Perijá', 20, 'Económico', 30),
('Lodge Río Magdalena', 60, 'Lujo', 31),
('Cabañas Ciénaga Grande', 35, 'Medio', 32),
('Refugio Valle Cocora', 25, 'Económico', 33),
('Hotel Páramo Belmira', 80, 'Lujo', 34),
('Campamento Llanos Yarí', 45, 'Medio', 35),
('EcoCabañas Cordillera Occidental', 20, 'Económico', 36),
('Lodge Selva Amazónica', 70, 'Lujo', 37),
('Cabañas Bahía Málaga', 30, 'Medio', 38),
('Refugio Darién', 25, 'Económico', 39),
('Hotel Caño Cristales', 90, 'Lujo', 40),
('Campamento Macuira', 40, 'Medio', 41),
('EcoHabitats Volcán Galeras', 20, 'Económico', 42),
('Lodge Laguna de Tota', 60, 'Lujo', 43),
('Cabañas Montes de María', 35, 'Medio', 44),
('Refugio Sierra Cocuy', 25, 'Económico', 45),
('Hotel Río Cauca', 80, 'Lujo', 46),
('Campamento San Lucas', 45, 'Medio', 47),
('EcoCabañas Bahía Solano', 20, 'Económico', 48),
('Lodge Cordillera Central', 70, 'Lujo', 49),
('Campamento Jardín Botánico', 40, 'Medio', 50);

-- 12. Teléfonos del personal

INSERT INTO telefonoPersonal (cedulaPersonal, telefonoPersonal, tipoTelefonoPersonal) VALUES
('1023456789', '3001234567', 'Móvil'),
('1023456789', '6012345', 'Fijo'),
('1123456789', '3002345678', 'Móvil'),
('1223456789', '3003456789', 'Móvil'),
('1223456789', '6023456', 'Fijo'),
('1323456789', '3004567890', 'Móvil'),
('1423456789', '3005678901', 'Móvil'),
('1423456789', '6034567', 'Fijo'),
('1523456789', '3006789012', 'Móvil'),
('1623456789', '3007890123', 'Móvil'),
('1623456789', '6045678', 'Fijo'),
('1723456789', '3008901234', 'Móvil'),
('1823456789', '3009012345', 'Móvil'),
('1823456789', '6056789', 'Fijo'),
('1923456789', '3000123456', 'Móvil'),
('2023456789', '3001234567', 'Móvil'),
('2023456789', '6067890', 'Fijo'),
('2123456789', '3002345678', 'Móvil'),
('2223456789', '3003466789', 'Móvil'),
('2223456789', '6078901', 'Fijo'),
('2323456789', '3004567890', 'Móvil'),
('2423456789', '3005678901', 'Móvil'),
('2423456789', '6089012', 'Fijo'),
('2523456789', '3006789012', 'Móvil'),
('2623456789', '3007890123', 'Móvil'),
('2623456789', '6090123', 'Fijo'),
('2723456789', '3008901234', 'Móvil'),
('2823456789', '3009012345', 'Móvil'),
('2823456789', '6101234', 'Fijo'),
('2923456789', '3000123456', 'Móvil'),
('5023456789', '3001234567', 'Móvil'),
('5023456789', '6112345', 'Fijo'),
('1023456789', '3002345678', 'Móvil'),
('1123456789', '6013456', 'Fijo'),
('1223456789', '3003486789', 'Móvil'),
('1323456789', '6024567', 'Fijo'),
('1423456789', '3004567890', 'Móvil'),
('1523456789', '6035678', 'Fijo'),
('1623456789', '3005678901', 'Móvil'),
('1723456789', '6046789', 'Fijo'),
('1823456789', '3006789012', 'Móvil'),
('1923456789', '6057890', 'Fijo'),
('2023456789', '3007890123', 'Móvil'),
('2123456789', '6068901', 'Fijo'),
('2223456789', '3008901234', 'Móvil'),
('2323456789', '6079012', 'Fijo'),
('2423456789', '3009012345', 'Móvil'),
('2523456789', '6080123', 'Fijo'),
('2623456789', '3000123456', 'Móvil');

--  13. Entradas de parques

INSERT INTO entrada (numeroEntrada, idParque) VALUES
(1001,1),(1002,2),(1003,3),(1004,4),(1005,5),(1006,6),(1007,7),(1008,8),(1009,9),(1010,10),
(1011,11),(1012,12),(1013,13),(1014,14),(1015,15),(1016,16),(1017,17),(1018,18),(1019,19),(1020,20),
(1021,21),(1022,22),(1023,23),(1024,24),(1025,25),(1026,26),(1027,27),(1028,28),(1029,29),(1030,30),
(1031,31),(1032,32),(1033,33),(1034,34),(1035,35),(1036,36),(1037,37),(1038,38),(1039,39),(1040,40),
(1041,41),(1042,42),(1043,43),(1044,44),(1045,45),(1046,46),(1047,47),(1048,48),(1049,49),(1050,50);

-- 14. Personal de gestión

INSERT INTO personalGestion (cedulaPersonalGestion) VALUES
('1023456789'), ('1123456789'), ('1223456789'), ('1323456789'), ('1423456789');


-- 15. Vehículos de vigilancia

INSERT INTO vehiculo (tipoVehiculo, marcaVehiculo) VALUES
('Camioneta', 'Toyota'), ('Moto', 'Yamaha'), ('Jeep', 'Suzuki'), ('Campero', 'Mitsubishi'), ('Cuatrimoto', 'Honda'),
('Camioneta', 'Nissan'), ('Moto', 'Kawasaki'), ('Jeep', 'Jeep'), ('Campero', 'Chevrolet'), ('Cuatrimoto', 'Polaris'),
('Camioneta', 'Ford'), ('Moto', 'Suzuki'), ('Jeep', 'Land Rover'), ('Campero', 'Renault'), ('Cuatrimoto', 'Can-Am'),
('Camioneta', 'Hyundai'), ('Moto', 'Bajaj'), ('Jeep', 'Toyota'), ('Campero', 'Kia'), ('Cuatrimoto', 'Yamaha'),
('Camioneta', 'Mazda'), ('Moto', 'Honda'), ('Jeep', 'Mitsubishi'), ('Campero', 'Volkswagen'), ('Cuatrimoto', 'Kawasaki'),
('Camioneta', 'Dodge'), ('Moto', 'TVS'), ('Jeep', 'Ford'), ('Campero', 'Isuzu'), ('Cuatrimoto', 'Suzuki'),
('Camioneta', 'Jeep'), ('Moto', 'KTM'), ('Jeep', 'Nissan'), ('Campero', 'Fiat'), ('Cuatrimoto', 'Bajaj'),
('Camioneta', 'Subaru'), ('Moto', 'Ducati'), ('Jeep', 'Chevrolet'), ('Campero', 'Dacia'), ('Cuatrimoto', 'Polaris'),
('Camioneta', 'GMC'), ('Moto', 'BMW'), ('Jeep', 'Hyundai'), ('Campero', 'Peugeot'), ('Cuatrimoto', 'Honda'),
('Camioneta', 'Ram'), ('Moto', 'Harley-Davidson'), ('Jeep', 'Kia'), ('Campero', 'Toyota'), ('Cuatrimoto', 'Can-Am');

-- 16. Vigilantes-vehículos

INSERT INTO vehiculoVigilante (cedulaPersonal, idVehiculo, fechaAsignacionVehiculoVisitante) VALUES
('1523456789', 1, '2023-01-15'), ('1523456789', 2, '2023-02-01'), ('1523456789', 3, '2023-03-01'), ('1523456789', 4, '2023-04-01'), ('1523456789', 5, '2023-05-01'),
('1523456789', 6, '2023-06-01'), ('1523456789', 7, '2023-07-01'), ('1523456789', 8, '2023-08-01'), ('1523456789', 9, '2023-09-01'), ('1523456789', 10, '2023-10-01'),
('1623456789', 11, '2023-01-15'), ('1623456789', 12, '2023-02-01'), ('1623456789', 13, '2023-03-01'), ('1623456789', 14, '2023-04-01'), ('1623456789', 15, '2023-05-01'),
('1623456789', 16, '2023-06-01'), ('1623456789', 17, '2023-07-01'), ('1623456789', 18, '2023-08-01'), ('1623456789', 19, '2023-09-01'), ('1623456789', 20, '2023-10-01'),
('1723456789', 21, '2023-01-15'), ('1723456789', 22, '2023-02-01'), ('1723456789', 23, '2023-03-01'), ('1723456789', 24, '2023-04-01'), ('1723456789', 25, '2023-05-01'),
('1723456789', 26, '2023-06-01'), ('1723456789', 27, '2023-07-01'), ('1723456789', 28, '2023-08-01'), ('1723456789', 29, '2023-09-01'), ('1723456789', 30, '2023-10-01'),
('1823456789', 31, '2023-01-15'), ('1823456789', 32, '2023-02-01'), ('1823456789', 33, '2023-03-01'), ('1823456789', 34, '2023-04-01'), ('1823456789', 35, '2023-05-01'),
('1823456789', 36, '2023-06-01'), ('1823456789', 37, '2023-07-01'), ('1823456789', 38, '2023-08-01'), ('1823456789', 39, '2023-09-01'), ('1823456789', 40, '2023-10-01'),
('1923456789', 41, '2023-01-15'), ('1923456789', 42, '2023-02-01'), ('1923456789', 43, '2023-03-01'), ('1923456789', 44, '2023-04-01'), ('1923456789', 45, '2023-05-01'),
('1923456789', 46, '2023-06-01'), ('1923456789', 47, '2023-07-01'), ('1923456789', 48, '2023-08-01'), ('1923456789', 49, '2023-09-01'), ('1923456789', 50, '2023-10-01');

-- 17. Vigilancia de áreas

INSERT INTO vigilanciaArea (cedulaPersonal, idArea) VALUES
('1523456789', 1), ('1523456789', 2), ('1523456789', 3), ('1523456789', 4), ('1523456789', 5),
('1523456789', 6), ('1523456789', 7), ('1523456789', 8), ('1523456789', 9), ('1523456789', 10),
('1623456789', 11), ('1623456789', 12), ('1623456789', 13), ('1623456789', 14), ('1623456789', 15),
('1623456789', 16), ('1623456789', 17), ('1623456789', 18), ('1623456789', 19), ('1623456789', 20),
('1723456789', 21), ('1723456789', 22), ('1723456789', 23), ('1723456789', 24), ('1723456789', 25),
('1723456789', 26), ('1723456789', 27), ('1723456789', 28), ('1723456789', 29), ('1723456789', 30),
('1823456789', 31), ('1823456789', 32), ('1823456789', 33), ('1823456789', 34), ('1823456789', 35),
('1823456789', 36), ('1823456789', 37), ('1823456789', 38), ('1823456789', 39), ('1823456789', 40),
('1923456789', 41), ('1923456789', 42), ('1923456789', 43), ('1923456789', 44), ('1923456789', 45),
('1923456789', 46), ('1923456789', 47), ('1923456789', 48), ('1923456789', 49), ('1923456789', 50);

-- 18. Conservación de áreas

INSERT INTO conservacionArea (cedulaPersonal, idArea, especialidadConservacionArea) VALUES
('2023456789', 1, 'Restauración de Ecosistemas'), ('2023456789', 2, 'Restauración de Ecosistemas'), ('2023456789', 3, 'Restauración de Ecosistemas'),
('2023456789', 4, 'Restauración de Ecosistemas'), ('2023456789', 5, 'Restauración de Ecosistemas'), ('2023456789', 6, 'Restauración de Ecosistemas'),
('2023456789', 7, 'Restauración de Ecosistemas'), ('2023456789', 8, 'Restauración de Ecosistemas'), ('2023456789', 9, 'Restauración de Ecosistemas'),
('2023456789', 10, 'Restauración de Ecosistemas'),
('2123456789', 11, 'Manejo de Fauna'), ('2123456789', 12, 'Manejo de Fauna'), ('2123456789', 13, 'Manejo de Fauna'),
('2123456789', 14, 'Manejo de Fauna'), ('2123456789', 15, 'Manejo de Fauna'), ('2123456789', 16, 'Manejo de Fauna'),
('2123456789', 17, 'Manejo de Fauna'), ('2123456789', 18, 'Manejo de Fauna'), ('2123456789', 19, 'Manejo de Fauna'),
('2123456789', 20, 'Manejo de Fauna'),
('2223456789', 21, 'Conservación de Suelos'), ('2223456789', 22, 'Conservación de Suelos'), ('2223456789', 23, 'Conservación de Suelos'),
('2223456789', 24, 'Conservación de Suelos'), ('2223456789', 25, 'Conservación de Suelos'), ('2223456789', 26, 'Conservación de Suelos'),
('2223456789', 27, 'Conservación de Suelos'), ('2223456789', 28, 'Conservación de Suelos'), ('2223456789', 29, 'Conservación de Suelos'),
('2223456789', 30, 'Conservación de Suelos'),
('2323456789', 31, 'Protección de Flora'), ('2323456789', 32, 'Protección de Flora'), ('2323456789', 33, 'Protección de Flora'),
('2323456789', 34, 'Protección de Flora'), ('2323456789', 35, 'Protección de Flora'), ('2323456789', 36, 'Protección de Flora'),
('2323456789', 37, 'Protección de Flora'), ('2323456789', 38, 'Protección de Flora'), ('2323456789', 39, 'Protección de Flora'),
('2323456789', 40, 'Protección de Flora'),
('2423456789', 41, 'Monitoreo Ambiental'), ('2423456789', 42, 'Monitoreo Ambiental'), ('2423456789', 43, 'Monitoreo Ambiental'),
('2423456789', 44, 'Monitoreo Ambiental'), ('2423456789', 45, 'Monitoreo Ambiental'), ('2423456789', 46, 'Monitoreo Ambiental'),
('2423456789', 47, 'Monitoreo Ambiental'), ('2423456789', 48, 'Monitoreo Ambiental'), ('2423456789', 49, 'Monitoreo Ambiental'),
('2423456789', 50, 'Monitoreo Ambiental');

-- 19. Investigadores en proyectos

INSERT INTO investigadorProyecto (cedulaPersonal, idProyectoInvestigacion) VALUES
('2523456789', 1), ('2523456789', 2), ('2523456789', 3), ('2523456789', 4), ('2523456789', 5), ('2523456789', 6), ('2523456789', 7), ('2523456789', 8),
('2623456789', 9), ('2623456789', 10), ('2623456789', 11), ('2623456789', 12), ('2623456789', 13), ('2623456789', 14), ('2623456789', 15), ('2623456789', 16),
('2723456789', 17), ('2723456789', 18), ('2723456789', 19), ('2723456789', 20), ('2723456789', 21), ('2723456789', 22), ('2723456789', 23), ('2723456789', 24),
('2823456789', 25), ('2823456789', 26), ('2823456789', 27), ('2823456789', 28), ('2823456789', 29), ('2823456789', 30), ('2823456789', 31), ('2823456789', 32),
('2923456789', 33), ('2923456789', 34), ('2923456789', 35), ('2923456789', 36), ('2923456789', 37), ('2923456789', 38), ('2923456789', 39), ('2923456789', 40),
('5023456789', 41), ('5023456789', 42), ('5023456789', 43), ('5023456789', 44), ('5023456789', 45), ('5023456789', 46), ('5023456789', 47), ('5023456789', 48),
('2523456789', 49), ('2623456789', 50);

-- 20. Especies en proyectos

INSERT INTO EspecieProyecto (idEspecie, idProyectoInvestigacion) VALUES
(1, 1), (2, 2), (3, 3), (4, 4), (5, 5), (6, 6), (7, 7), (8, 8), (9, 9), (10, 10),
(11, 11), (12, 12), (13, 13), (14, 14), (15, 15), (16, 16), (17, 17), (18, 18), (19, 19), (20, 20),
(21, 21), (22, 22), (23, 23), (24, 24), (25, 25), (26, 26), (27, 27), (28, 28), (29, 29), (30, 30),
(31, 31), (32, 32), (33, 33), (34, 34), (35, 35), (36, 36), (37, 37), (38, 38), (39, 39), (40, 40),
(41, 41), (42, 42), (43, 43), (44, 44), (45, 45), (46, 46), (47, 47), (48, 48), (49, 49), (50, 50);

-- 21. Reservas en alojamiento

INSERT INTO reservaAlojamiento (cedulaVisitante, idAlojamiento, fechaEntradaReservaAlojamiento, fechaSalidaReservaAlojamiento) VALUES
('1001234567', 1, '2024-01-10', '2024-01-15'), ('1002345678', 2, '2024-02-15', '2024-02-20'), ('1003456789', 3, '2024-03-20', '2024-03-25'),
('1004567890', 4, '2024-04-05', '2024-04-10'), ('1005678901', 5, '2024-05-12', '2024-05-17'), ('1006789012', 6, '2024-06-01', '2024-06-06'),
('1007890123', 7, '2024-07-15', '2024-07-20'), ('1008901234', 8, '2024-08-20', '2024-08-25'), ('1009012345', 9, '2024-09-10', '2024-09-15'),
('1010123456', 10, '2024-10-05', '2024-10-10'), ('1011234567', 11, '2024-11-12', '2024-11-17'), ('1012345678', 12, '2024-12-01', '2024-12-06'),
('1013456789', 13, '2025-01-15', '2025-01-20'), ('1014567890', 14, '2025-02-20', '2025-02-25'), ('1015678901', 15, '2025-03-01', '2025-03-06'),
('1016789012', 16, '2024-01-20', '2024-01-25'), ('1017890123', 17, '2024-02-25', '2024-03-02'), ('1018901234', 18, '2024-03-30', '2024-04-04'),
('1019012345', 19, '2024-04-15', '2024-04-20'), ('1020123456', 20, '2024-05-22', '2024-05-27'), ('1021234567', 21, '2024-06-10', '2024-06-15'),
('1022345678', 22, '2024-07-25', '2024-07-30'), ('1023456789', 23, '2024-08-30', '2024-09-04'), ('1024567890', 24, '2024-09-20', '2024-09-25'),
('1025678901', 25, '2024-10-15', '2024-10-20'), ('1026789012', 26, '2024-11-22', '2024-11-27'), ('1027890123', 27, '2024-12-10', '2024-12-15'),
('1028901234', 28, '2025-01-25', '2025-01-30'), ('1029012345', 29, '2025-02-28', '2025-03-05'), ('1030123456', 30, '2024-01-30', '2024-02-04'),
('1031234567', 31, '2024-03-05', '2024-03-10'), ('1032345678', 32, '2024-04-20', '2024-04-25'), ('1033456789', 33, '2024-05-30', '2024-06-04'),
('1034567890', 34, '2024-06-20', '2024-06-25'), ('1035678901', 35, '2024-07-30', '2024-08-04'), ('1036789012', 36, '2024-08-10', '2024-08-15'),
('1037890123', 37, '2024-09-30', '2024-10-05'), ('1038901234', 38, '2024-10-25', '2024-10-30'), ('1039012345', 39, '2024-11-30', '2024-12-05'),
('1040123456', 40, '2025-01-05', '2025-01-10'), ('1041234567', 41, '2025-02-10', '2025-02-15'), ('1042345678', 42, '2024-02-05', '2024-02-10'),
('1043456789', 43, '2024-03-15', '2024-03-20'), ('1044567890', 44, '2024-04-30', '2024-05-05'), ('1045678901', 45, '2024-06-05', '2024-06-10'),
('1046789012', 46, '2024-07-10', '2024-07-15'), ('1047890123', 47, '2024-08-25', '2024-08-30'), ('1048901234', 48, '2024-09-15', '2024-09-20'),
('1049012345', 49, '2024-10-30', '2024-11-04'), ('1050123456', 50, '2025-01-20', '2025-01-25');

-- 22. Registro de visitas

INSERT INTO registroVisita (cedulaVisitante, idEntrada, cedulaPersonalGestion, fechaRegistroVisita) VALUES
('1001234567', 1, '1023456789', '2024-01-10 08:30:00'), ('1002345678', 2, '1123456789', '2024-02-15 09:15:00'),
('1003456789', 3, '1223456789', '2024-03-20 10:00:00'), ('1004567890', 4, '1323456789', '2024-04-05 11:45:00'),
('1005678901', 5, '1423456789', '2024-05-12 13:20:00'), ('1006789012', 6, '1023456789', '2024-06-01 14:10:00'),
('1007890123', 7, '1123456789', '2024-07-15 15:30:00'), ('1008901234', 8, '1223456789', '2024-08-20 16:00:00'),
('1009012345', 9, '1323456789', '2024-09-10 08:45:00'), ('1010123456', 10, '1423456789', '2024-10-05 09:30:00'),
('1011234567', 11, '1023456789', '2024-11-12 10:15:00'), ('1012345678', 12, '1123456789', '2024-12-01 11:00:00'),
('1013456789', 13, '1223456789', '2025-01-15 12:45:00'), ('1014567890', 14, '1323456789', '2025-02-20 13:30:00'),
('1015678901', 15, '1423456789', '2025-03-01 14:15:00'), ('1016789012', 16, '1023456789', '2024-01-20 15:00:00'),
('1017890123', 17, '1123456789', '2024-02-25 16:30:00'), ('1018901234', 18, '1223456789', '2024-03-30 08:15:00'),
('1019012345', 19, '1323456789', '2024-04-15 09:00:00'), ('1020123456', 20, '1423456789', '2024-05-22 10:45:00'),
('1021234567', 21, '1023456789', '2024-06-10 11:30:00'), ('1022345678', 22, '1123456789', '2024-07-25 12:15:00'),
('1023456789', 23, '1223456789', '2024-08-30 13:00:00'), ('1024567890', 24, '1323456789', '2024-09-20 14:45:00'),
('1025678901', 25, '1423456789', '2024-10-15 15:30:00'), ('1026789012', 26, '1023456789', '2024-11-22 16:15:00'),
('1027890123', 27, '1123456789', '2024-12-10 08:00:00'), ('1028901234', 28, '1223456789', '2025-01-25 09:45:00'),
('1029012345', 29, '1323456789', '2025-02-28 10:30:00'), ('1030123456', 30, '1423456789', '2024-01-30 11:15:00'),
('1031234567', 31, '1023456789', '2024-03-05 12:00:00'), ('1032345678', 32, '1123456789', '2024-04-20 13:45:00'),
('1033456789', 33, '1223456789', '2024-05-30 14:30:00'), ('1034567890', 34, '1323456789', '2024-06-20 15:15:00'),
('1035678901', 35, '1423456789', '2024-07-30 16:00:00'), ('1036789012', 36, '1023456789', '2024-08-10 08:30:00'),
('1037890123', 37, '1123456789', '2024-09-30 09:15:00'), ('1038901234', 38, '1223456789', '2024-10-25 10:00:00'),
('1039012345', 39, '1323456789', '2024-11-30 11:45:00'), ('1040123456', 40, '1423456789', '2025-01-05 12:30:00'),
('1041234567', 41, '1023456789', '2025-02-10 13:15:00'), ('1042345678', 42, '1123456789', '2024-02-05 14:00:00'),
('1043456789', 43, '1223456789', '2024-03-15 15:45:00'), ('1044567890', 44, '1323456789', '2024-04-30 16:30:00'),
('1045678901', 45, '1423456789', '2024-06-05 08:15:00'), ('1046789012', 46, '1023456789', '2024-07-10 09:00:00'),
('1047890123', 47, '1123456789', '2024-08-25 10:45:00'), ('1048901234', 48, '1223456789', '2024-09-15 11:30:00'),
('1049012345', 49, '1323456789', '2024-10-30 12:15:00'), ('1050123456', 50, '1423456789', '2025-01-20 13:00:00');